function,count,per_thread,per_rank,call_max_s,call_min_s,total_s,exclusive_s,thread_max_s,thread_min_s,overhead_s
"fib",100001,100001,100001,4.693126976e-01,0.000000000e+00,2.280657638e+04,4.248766091e-01,2.280657638e+04,2.280657638e+04,6.159063304e-01
"callmetwice",200000,200000,200000,1.645899902e-04,1.899970812e-07,4.443607690e-02,4.443607690e-02,4.443607690e-02,4.443607690e-02,1.231800343e+00
